[
    
  {
    "id": 1,
    "name": "Rohit Sharma",
    "dob": "1995-05-12",
    "birth_place": "Mumbai",
    "candidate_gender": "Male",
    "manglik": "No",
    "gotra": "Bharadwaj",
    "maternal_gotra": "Kashyap",
    "father_name": "Mahesh Sharma",
    "father_mobile": "9876543210",
    "father_occupation": "Businessman",
    "father_annual_income": 1200000,
    "mother_name": "Sunita Sharma",
    "mother_occupation": "Homemaker",
    "grandfather": "Ramesh Sharma",
    "native_place": "Jaipur",
    "nationality": "Indian",
    "status_of_family": "Upper Middle Class",
    "address": "Andheri East, Mumbai",
    "country": "India",
    "state": "Maharashtra",
    "district": "Mumbai",
    "pin_code": "400069",
    "phone": "0221234567",
    "contact_no": "9876543210",
    "email": "rohit.sharma@example.com",
    "height": "5ft 9in",
    "body_type": "Athletic",
    "complexion": "Fair",
    "blood_group": "B+",
    "education_detail": "MBA in Marketing",
    "education": "MBA",
    "hobby": "Cricket, Reading",
    "occupation": "Manager",
    "designation": "Marketing Manager",
    "annual_income": 1500000,
    "company_name": "Reliance Industries",
    "company_city": "Mumbai",
    "no_unmarried_brother": 1,
    "no_unmarried_sister": 0,
    "no_married_brother": 0,
    "no_married_sister": 1,
    "relation": "Uncle",
    "relative_name": "Rajesh Sharma",
    "relative_mobile_no": "9988776655",
    "relative_city": "Pune",
    "relative_company_name": "Infosys",
    "relative_designation": "Senior Manager",
    "relative_company_address": "Hinjewadi, Pune",
    "kundali_milana": "Yes",
    "about_me": "I am a simple, caring and ambitious person.",
    "image_path": "https://i.pinimg.com/originals/fb/fd/32/fbfd32dea1acce0207d020d443c3586d.jpg",
    "subscription": 1
  },
  {
    "id": 2,
    "name": "Priya Verma",
    "dob": "1996-11-25",
    "birth_place": "Delhi",
    "candidate_gender": "Female",
    "manglik": "Yes",
    "gotra": "Kashyap",
    "maternal_gotra": "Gautam",
    "father_name": "Suresh Verma",
    "father_mobile": "9123456780",
    "father_occupation": "Government Officer",
    "father_annual_income": 1000000,
    "mother_name": "Anita Verma",
    "mother_occupation": "Teacher",
    "grandfather": "Hari Verma",
    "native_place": "Agra",
    "nationality": "Indian",
    "status_of_family": "Middle Class",
    "address": "Dwarka, Delhi",
    "country": "India",
    "state": "Delhi",
    "district": "South West Delhi",
    "pin_code": "110075",
    "phone": "0112345678",
    "contact_no": "9123456780",
    "email": "priya.verma@example.com",
    "height": "5ft 5in",
    "body_type": "Slim",
    "complexion": "Wheatish",
    "blood_group": "O+",
    "education_detail": "B.Tech in Computer Science",
    "education": "B.Tech",
    "hobby": "Dancing, Painting",
    "occupation": "Software Engineer",
    "designation": "Developer",
    "annual_income": 1200000,
    "company_name": "TCS",
    "company_city": "Delhi",
    "no_unmarried_brother": 0,
    "no_unmarried_sister": 1,
    "no_married_brother": 1,
    "no_married_sister": 0,
    "relation": "Cousin",
    "relative_name": "Ankur Verma",
    "relative_mobile_no": "9090909090",
    "relative_city": "Gurgaon",
    "relative_company_name": "Wipro",
    "relative_designation": "Consultant",
    "relative_company_address": "DLF Cyber City, Gurgaon",
    "kundali_milana": "Yes",
    "about_me": "I love learning new technologies and exploring new places.",
    "image_path": "https://hebbkx1anhila5yf.public.blob.vercel-storage.com/attachments/gen-images/public/indian-woman-professional-portrait-QX7Mj3VCPTCpxWCgEK3Mh8Y01fwZq1.png",
    "subscription": 1
  },
  {
    "id": 3,
    "name": "Amit Patel",
    "dob": "1993-03-15",
    "birth_place": "Ahmedabad",
    "candidate_gender": "Male",
    "manglik": "Yes",
    "gotra": "Vashishta",
    "maternal_gotra": "Kaushik",
    "father_name": "Manoj Patel",
    "father_mobile": "9765432109",
    "father_occupation": "Doctor",
    "father_annual_income": 1800000,
    "mother_name": "Seema Patel",
    "mother_occupation": "Doctor",
    "grandfather": "Raghunath Patel",
    "native_place": "Vadodara",
    "nationality": "Indian",
    "status_of_family": "Well Settled",
    "address": "Satellite, Ahmedabad",
    "country": "India",
    "state": "Gujarat",
    "district": "Ahmedabad",
    "pin_code": "380015",
    "phone": "0791234567",
    "contact_no": "9765432109",
    "email": "amit.patel@example.com",
    "height": "6ft 0in",
    "body_type": "Athletic",
    "complexion": "Fair",
    "blood_group": "A+",
    "education_detail": "MS in Cardiology",
    "education": "MS",
    "hobby": "Traveling, Music",
    "occupation": "Doctor",
    "designation": "Cardiologist",
    "annual_income": 2500000,
    "company_name": "Apollo Hospitals",
    "company_city": "Ahmedabad",
    "no_unmarried_brother": 1,
    "no_unmarried_sister": 1,
    "no_married_brother": 0,
    "no_married_sister": 0,
    "relation": "Maternal Uncle",
    "relative_name": "Vikas Mehta",
    "relative_mobile_no": "9871234560",
    "relative_city": "Surat",
    "relative_company_name": "Adani Group",
    "relative_designation": "Manager",
    "relative_company_address": "Hazira, Surat",
    "kundali_milana": "No",
    "about_me": "Dedicated doctor with passion for helping people.",
    "image_path": "https://encrypted-tbn0.gstatic.com/images?q=tbn:ANd9GcSGKgtlQ0599IAh4GvEMcajMJd5xkXmVNJTvw&s",
    "subscription": 0
  },
  {
    "id": 4,
    "name": "Neha Gupta",
    "dob": "1997-07-20",
    "birth_place": "Lucknow",
    "candidate_gender": "Female",
    "manglik": "No",
    "gotra": "Bhardwaj",
    "maternal_gotra": "Kashyap",
    "father_name": "Alok Gupta",
    "father_mobile": "9811223344",
    "father_occupation": "Businessman",
    "father_annual_income": 1500000,
    "mother_name": "Ritu Gupta",
    "mother_occupation": "Homemaker",
    "grandfather": "Hari Gupta",
    "native_place": "Varanasi",
    "nationality": "Indian",
    "status_of_family": "Upper Middle Class",
    "address": "Hazratganj, Lucknow",
    "country": "India",
    "state": "Uttar Pradesh",
    "district": "Lucknow",
    "pin_code": "226001",
    "phone": "0522123456",
    "contact_no": "9811223344",
    "email": "neha.gupta@example.com",
    "height": "5ft 4in",
    "body_type": "Slim",
    "complexion": "Fair",
    "blood_group": "B+",
    "education_detail": "MCA",
    "education": "MCA",
    "hobby": "Cooking, Traveling",
    "occupation": "Software Engineer",
    "designation": "Developer",
    "annual_income": 1000000,
    "company_name": "Infosys",
    "company_city": "Lucknow",
    "no_unmarried_brother": 0,
    "no_unmarried_sister": 0,
    "no_married_brother": 1,
    "no_married_sister": 1,
    "relation": "Cousin",
    "relative_name": "Anjali Gupta",
    "relative_mobile_no": "9876543211",
    "relative_city": "Kanpur",
    "relative_company_name": "HCL",
    "relative_designation": "Team Lead",
    "relative_company_address": "Sector 62, Noida",
    "kundali_milana": "Yes",
    "about_me": "Friendly, optimistic and career-oriented person.",
    "image_path": "https://hebbkx1anhila5yf.public.blob.vercel-storage.com/attachments/gen-images/public/indian-woman-traditional-dress-vcrDhnQL3PaNWlrf7gaMa9WtAZp8Hv.png",
    "subscription": 1
  },
  {
    "id": 5,
    "name": "Raj Malhotra",
    "dob": "1992-09-18",
    "birth_place": "Chandigarh",
    "candidate_gender": "Male",
    "manglik": "No",
    "gotra": "Kashyap",
    "maternal_gotra": "Vashishta",
    "father_name": "Rakesh Malhotra",
    "father_mobile": "9876123456",
    "father_occupation": "Lawyer",
    "father_annual_income": 1400000,
    "mother_name": "Shalini Malhotra",
    "mother_occupation": "Professor",
    "grandfather": "Arun Malhotra",
    "native_place": "Amritsar",
    "nationality": "Indian",
    "status_of_family": "Well Settled",
    "address": "Sector 22, Chandigarh",
    "country": "India",
    "state": "Chandigarh",
    "district": "Chandigarh",
    "pin_code": "160022",
    "phone": "0172123456",
    "contact_no": "9876123456",
    "email": "raj.malhotra@example.com",
    "height": "5ft 11in",
    "body_type": "Average",
    "complexion": "Fair",
    "blood_group": "AB+",
    "education_detail": "LLB, LLM",
    "education": "LLM",
    "hobby": "Reading, Photography",
    "occupation": "Advocate",
    "designation": "Senior Lawyer",
    "annual_income": 2000000,
    "company_name": "High Court",
    "company_city": "Chandigarh",
    "no_unmarried_brother": 1,
    "no_unmarried_sister": 0,
    "no_married_brother": 0,
    "no_married_sister": 1,
    "relation": "Uncle",
    "relative_name": "Vinod Malhotra",
    "relative_mobile_no": "9000001111",
    "relative_city": "Delhi",
    "relative_company_name": "Supreme Court",
    "relative_designation": "Judge",
    "relative_company_address": "Tilak Marg, Delhi",
    "kundali_milana": "Yes",
    "about_me": "I am an ambitious and responsible lawyer.",
    "image_path": "https://encrypted-tbn0.gstatic.com/images?q=tbn:ANd9GcTCZsnwXyS2bnxrSDsr8xtqOOjeyCkVcs5_Kg&s",
    "subscription": 0
  },
  {
    "id": 6,
    "name": "Sneha Nair",
    "dob": "1998-02-14",
    "birth_place": "Kochi",
    "candidate_gender": "Female",
    "manglik": "No",
    "gotra": "Vishwamitra",
    "maternal_gotra": "Kashyap",
    "father_name": "Prakash Nair",
    "father_mobile": "9847123456",
    "father_occupation": "Engineer",
    "father_annual_income": 1100000,
    "mother_name": "Latha Nair",
    "mother_occupation": "Bank Manager",
    "grandfather": "Narayan Nair",
    "native_place": "Trivandrum",
    "nationality": "Indian",
    "status_of_family": "Middle Class",
    "address": "Marine Drive, Kochi",
    "country": "India",
    "state": "Kerala",
    "district": "Ernakulam",
    "pin_code": "682031",
    "phone": "0484123456",
    "contact_no": "9847123456",
    "email": "sneha.nair@example.com",
    "height": "5ft 3in",
    "body_type": "Slim",
    "complexion": "Wheatish",
    "blood_group": "O-",
    "education_detail": "M.Sc in Biotechnology",
    "education": "M.Sc",
    "hobby": "Reading, Yoga",
    "occupation": "Research Scientist",
    "designation": "Scientist",
    "annual_income": 900000,
    "company_name": "CSIR",
    "company_city": "Kochi",
    "no_unmarried_brother": 0,
    "no_unmarried_sister": 1,
    "no_married_brother": 1,
    "no_married_sister": 0,
    "relation": "Cousin",
    "relative_name": "Anu Nair",
    "relative_mobile_no": "9123456700",
    "relative_city": "Bangalore",
    "relative_company_name": "Biocon",
    "relative_designation": "Manager",
    "relative_company_address": "Electronic City, Bangalore",
    "kundali_milana": "No",
    "about_me": "I believe in simple living and high thinking.",
    "image_path": "https://hebbkx1anhila5yf.public.blob.vercel-storage.com/attachments/gen-images/public/indian-woman-casual-outfit-cxh47oSHzp5J870dECVRdns6I9qsB2.png",
    "subscription": 1
  },
  {
    "id": 7,
    "name": "Vikram Singh",
    "dob": "1990-01-10",
    "birth_place": "Jaipur",
    "candidate_gender": "Male",
    "manglik": "Yes",
    "gotra": "Kashyap",
    "maternal_gotra": "Garg",
    "father_name": "Suraj Singh",
    "father_mobile": "9829012345",
    "father_occupation": "Businessman",
    "father_annual_income": 2000000,
    "mother_name": "Kiran Singh",
    "mother_occupation": "Homemaker",
    "grandfather": "Pratap Singh",
    "native_place": "Ajmer",
    "nationality": "Indian",
    "status_of_family": "Well Settled",
    "address": "Civil Lines, Jaipur",
    "country": "India",
    "state": "Rajasthan",
    "district": "Jaipur",
    "pin_code": "302001",
    "phone": "0141123456",
    "contact_no": "9829012345",
    "email": "vikram.singh@example.com",
    "height": "6ft 1in",
    "body_type": "Athletic",
    "complexion": "Fair",
    "blood_group": "A-",
    "education_detail": "MBA in Finance",
    "education": "MBA",
    "hobby": "Horse Riding, Traveling",
    "occupation": "Entrepreneur",
    "designation": "CEO",
    "annual_income": 5000000,
    "company_name": "Singh Enterprises",
    "company_city": "Jaipur",
    "no_unmarried_brother": 0,
    "no_unmarried_sister": 0,
    "no_married_brother": 1,
    "no_married_sister": 1,
    "relation": "Uncle",
    "relative_name": "Devendra Singh",
    "relative_mobile_no": "9988771122",
    "relative_city": "Udaipur",
    "relative_company_name": "Rajasthan Minerals",
    "relative_designation": "Director",
    "relative_company_address": "Udaipur Industrial Area",
    "kundali_milana": "Yes",
    "about_me": "Ambitious and passionate about business growth.",
    "image_path": "https://encrypted-tbn0.gstatic.com/images?q=tbn:ANd9GcRiKad3aUX_bZcpZDg2LtG-jM-oP0uj2xfroQ&s",
    "subscription": 1
  },
  {
    "id": 8,
    "name": "Ananya Iyer",
    "dob": "1994-04-30",
    "birth_place": "Chennai",
    "candidate_gender": "Female",
    "manglik": "No",
    "gotra": "Kashyap",
    "maternal_gotra": "Bharadwaj",
    "father_name": "Mohan Iyer",
    "father_mobile": "9840012345",
    "father_occupation": "Chartered Accountant",
    "father_annual_income": 1300000,
    "mother_name": "Sushma Iyer",
    "mother_occupation": "Professor",
    "grandfather": "Venkat Iyer",
    "native_place": "Coimbatore",
    "nationality": "Indian",
    "status_of_family": "Upper Middle Class",
    "address": "Adyar, Chennai",
    "country": "India",
    "state": "Tamil Nadu",
    "district": "Chennai",
    "pin_code": "600020",
    "phone": "0441234567",
    "contact_no": "9840012345",
    "email": "ananya.iyer@example.com",
    "height": "5ft 6in",
    "body_type": "Average",
    "complexion": "Wheatish",
    "blood_group": "B-",
    "education_detail": "",
    "image_path":"https://encrypted-tbn0.gstatic.com/images?q=tbn:ANd9GcQbNTZ2HvhGUeg0BkvzLYwPtJ_oClgelA_qow&s",
    "subscription": 1
  }
]